{
  "evaluation_parameters": {},
  "meta": {
    "active_batch_definition": {
      "batch_identifiers": {
        "default_identifier_name": "default_identifier"
      },
      "data_asset_name": "demo",
      "data_connector_name": "default_runtime_data_connector_name",
      "datasource_name": "my_datasource"
    },
    "batch_markers": {
      "ge_load_time": "20250704T090717.862981Z"
    },
    "batch_spec": {
      "data_asset_name": "demo",
      "query": "SELECT * FROM public.demo",
      "temp_table_schema_name": null
    },
    "checkpoint_id": null,
    "checkpoint_name": "my_postgres_checkpoint",
    "expectation_suite_name": "demo_suite",
    "great_expectations_version": "0.18.22",
    "run_id": {
      "run_name": "20250704-090717-my-run",
      "run_time": "2025-07-04T14:07:17.855535+05:00"
    },
    "validation_id": null,
    "validation_time": "20250704T090717.891838Z"
  },
  "results": [
    {
      "exception_info": {
        "exception_message": null,
        "exception_traceback": null,
        "raised_exception": false
      },
      "expectation_config": {
        "expectation_type": "expect_table_columns_to_match_ordered_list",
        "kwargs": {
          "batch_id": "3fcd9a0bef2c2f2b1c7cb220413abddf",
          "column_list": [
            "transaction_id",
            "date",
            "currency",
            "sender",
            "receiver",
            "amount",
            "fee",
            "type"
          ]
        },
        "meta": {}
      },
      "meta": {},
      "result": {
        "observed_value": [
          "transaction_id",
          "date",
          "currency",
          "sender",
          "receiver",
          "amount",
          "fee",
          "type"
        ]
      },
      "success": true
    },
    {
      "exception_info": {
        "exception_message": null,
        "exception_traceback": null,
        "raised_exception": false
      },
      "expectation_config": {
        "expectation_type": "expect_table_row_count_to_be_between",
        "kwargs": {
          "batch_id": "3fcd9a0bef2c2f2b1c7cb220413abddf",
          "max_value": 10000,
          "min_value": 1
        },
        "meta": {}
      },
      "meta": {},
      "result": {
        "observed_value": 1110
      },
      "success": true
    },
    {
      "exception_info": {
        "exception_message": null,
        "exception_traceback": null,
        "raised_exception": false
      },
      "expectation_config": {
        "expectation_type": "expect_column_values_to_not_be_null",
        "kwargs": {
          "batch_id": "3fcd9a0bef2c2f2b1c7cb220413abddf",
          "column": "transaction_id"
        },
        "meta": {}
      },
      "meta": {},
      "result": {
        "element_count": 1110,
        "partial_unexpected_counts": [],
        "partial_unexpected_list": [],
        "unexpected_count": 0,
        "unexpected_percent": 0.0
      },
      "success": true
    },
    {
      "exception_info": {
        "exception_message": null,
        "exception_traceback": null,
        "raised_exception": false
      },
      "expectation_config": {
        "expectation_type": "expect_column_values_to_be_unique",
        "kwargs": {
          "batch_id": "3fcd9a0bef2c2f2b1c7cb220413abddf",
          "column": "transaction_id"
        },
        "meta": {}
      },
      "meta": {},
      "result": {
        "element_count": 1110,
        "missing_count": 0,
        "missing_percent": 0.0,
        "partial_unexpected_counts": [],
        "partial_unexpected_list": [],
        "unexpected_count": 0,
        "unexpected_percent": 0.0,
        "unexpected_percent_nonmissing": 0.0,
        "unexpected_percent_total": 0.0
      },
      "success": true
    },
    {
      "exception_info": {
        "exception_message": null,
        "exception_traceback": null,
        "raised_exception": false
      },
      "expectation_config": {
        "expectation_type": "expect_column_value_lengths_to_be_between",
        "kwargs": {
          "batch_id": "3fcd9a0bef2c2f2b1c7cb220413abddf",
          "column": "transaction_id",
          "max_value": 12,
          "min_value": 4
        },
        "meta": {}
      },
      "meta": {},
      "result": {
        "element_count": 1110,
        "missing_count": 0,
        "missing_percent": 0.0,
        "partial_unexpected_counts": [],
        "partial_unexpected_list": [],
        "unexpected_count": 0,
        "unexpected_percent": 0.0,
        "unexpected_percent_nonmissing": 0.0,
        "unexpected_percent_total": 0.0
      },
      "success": true
    },
    {
      "exception_info": {
        "exception_message": null,
        "exception_traceback": null,
        "raised_exception": false
      },
      "expectation_config": {
        "expectation_type": "expect_column_values_to_match_regex",
        "kwargs": {
          "batch_id": "3fcd9a0bef2c2f2b1c7cb220413abddf",
          "column": "date",
          "regex": "\\d{2}\\.\\d{2}\\.\\d{4}"
        },
        "meta": {}
      },
      "meta": {},
      "result": {
        "element_count": 1110,
        "missing_count": 0,
        "missing_percent": 0.0,
        "partial_unexpected_counts": [],
        "partial_unexpected_list": [],
        "unexpected_count": 0,
        "unexpected_percent": 0.0,
        "unexpected_percent_nonmissing": 0.0,
        "unexpected_percent_total": 0.0
      },
      "success": true
    },
    {
      "exception_info": {
        "exception_message": null,
        "exception_traceback": null,
        "raised_exception": false
      },
      "expectation_config": {
        "expectation_type": "expect_column_values_to_be_in_set",
        "kwargs": {
          "batch_id": "3fcd9a0bef2c2f2b1c7cb220413abddf",
          "column": "currency",
          "value_set": [
            "USD",
            "EUR",
            "UZS",
            null
          ]
        },
        "meta": {}
      },
      "meta": {},
      "result": {
        "element_count": 1110,
        "missing_count": 10,
        "missing_percent": 0.9009009009009009,
        "partial_unexpected_counts": [],
        "partial_unexpected_list": [],
        "unexpected_count": 0,
        "unexpected_percent": 0.0,
        "unexpected_percent_nonmissing": 0.0,
        "unexpected_percent_total": 0.0
      },
      "success": true
    },
    {
      "exception_info": {
        "exception_message": null,
        "exception_traceback": null,
        "raised_exception": false
      },
      "expectation_config": {
        "expectation_type": "expect_column_values_to_not_be_null",
        "kwargs": {
          "batch_id": "3fcd9a0bef2c2f2b1c7cb220413abddf",
          "column": "sender"
        },
        "meta": {}
      },
      "meta": {},
      "result": {
        "element_count": 1110,
        "partial_unexpected_counts": [],
        "partial_unexpected_list": [],
        "unexpected_count": 0,
        "unexpected_percent": 0.0
      },
      "success": true
    },
    {
      "exception_info": {
        "exception_message": null,
        "exception_traceback": null,
        "raised_exception": false
      },
      "expectation_config": {
        "expectation_type": "expect_column_values_to_not_be_null",
        "kwargs": {
          "batch_id": "3fcd9a0bef2c2f2b1c7cb220413abddf",
          "column": "receiver"
        },
        "meta": {}
      },
      "meta": {},
      "result": {
        "element_count": 1110,
        "partial_unexpected_counts": [],
        "partial_unexpected_list": [],
        "unexpected_count": 0,
        "unexpected_percent": 0.0
      },
      "success": true
    },
    {
      "exception_info": {
        "exception_message": null,
        "exception_traceback": null,
        "raised_exception": false
      },
      "expectation_config": {
        "expectation_type": "expect_column_values_to_be_between",
        "kwargs": {
          "batch_id": "3fcd9a0bef2c2f2b1c7cb220413abddf",
          "column": "amount",
          "min_value": 1
        },
        "meta": {}
      },
      "meta": {},
      "result": {
        "element_count": 1110,
        "missing_count": 0,
        "missing_percent": 0.0,
        "partial_unexpected_counts": [],
        "partial_unexpected_list": [],
        "unexpected_count": 0,
        "unexpected_percent": 0.0,
        "unexpected_percent_nonmissing": 0.0,
        "unexpected_percent_total": 0.0
      },
      "success": true
    },
    {
      "exception_info": {
        "exception_message": null,
        "exception_traceback": null,
        "raised_exception": false
      },
      "expectation_config": {
        "expectation_type": "expect_column_values_to_be_between",
        "kwargs": {
          "batch_id": "3fcd9a0bef2c2f2b1c7cb220413abddf",
          "column": "fee",
          "max_value": 1000,
          "min_value": 0
        },
        "meta": {}
      },
      "meta": {},
      "result": {
        "element_count": 1110,
        "missing_count": 0,
        "missing_percent": 0.0,
        "partial_unexpected_counts": [],
        "partial_unexpected_list": [],
        "unexpected_count": 0,
        "unexpected_percent": 0.0,
        "unexpected_percent_nonmissing": 0.0,
        "unexpected_percent_total": 0.0
      },
      "success": true
    },
    {
      "exception_info": {
        "exception_message": null,
        "exception_traceback": null,
        "raised_exception": false
      },
      "expectation_config": {
        "expectation_type": "expect_column_values_to_be_in_set",
        "kwargs": {
          "batch_id": "3fcd9a0bef2c2f2b1c7cb220413abddf",
          "column": "type",
          "value_set": [
            "Transfer",
            "Purchase",
            "Payment"
          ]
        },
        "meta": {}
      },
      "meta": {},
      "result": {
        "element_count": 1110,
        "missing_count": 0,
        "missing_percent": 0.0,
        "partial_unexpected_counts": [],
        "partial_unexpected_list": [],
        "unexpected_count": 0,
        "unexpected_percent": 0.0,
        "unexpected_percent_nonmissing": 0.0,
        "unexpected_percent_total": 0.0
      },
      "success": true
    },
    {
      "exception_info": {
        "exception_message": null,
        "exception_traceback": null,
        "raised_exception": false
      },
      "expectation_config": {
        "expectation_type": "expect_column_values_to_not_be_null",
        "kwargs": {
          "batch_id": "3fcd9a0bef2c2f2b1c7cb220413abddf",
          "column": "type"
        },
        "meta": {}
      },
      "meta": {},
      "result": {
        "element_count": 1110,
        "partial_unexpected_counts": [],
        "partial_unexpected_list": [],
        "unexpected_count": 0,
        "unexpected_percent": 0.0
      },
      "success": true
    }
  ],
  "statistics": {
    "evaluated_expectations": 13,
    "success_percent": 100.0,
    "successful_expectations": 13,
    "unsuccessful_expectations": 0
  },
  "success": true
}