{
  "data_asset_type": null,
  "expectation_suite_name": "1",
  "expectations": [],
  "ge_cloud_id": null,
  "meta": {
    "citations": [
      {
        "batch_request": {
          "data_asset_name": "public.demo",
          "data_connector_name": "default_inferred_data_connector_name",
          "datasource_name": "my_datasource",
          "limit": 1000
        },
        "citation_date": "2025-07-04T06:55:34.387370Z",
        "comment": "Created suite added via CLI"
      }
    ],
    "great_expectations_version": "0.18.22"
  }
}